{"cameraMode":{"drawMode":0,"name":"Shaded","section":"Shading Mode"},"sceneLighting":true,"audioPlay":false,"sceneViewState":{"m_AlwaysRefresh":false,"showFog":true,"showSkybox":true,"showFlares":true,"showImageEffects":true,"showParticleSystems":true,"showVisualEffectGraphs":true,"m_FxEnabled":true},"in2DMode":false,"pivot":{"x":-0.6598992347717285,"y":0.3421528935432434,"z":-0.10549259185791016},"rotation":{"x":-0.00045179561129771173,"y":-0.00432380847632885,"z":-0.0000019340247945365265,"w":0.9999911785125732},"size":3.56225848197937,"orthographic":false}