{"cameraMode":{"drawMode":0,"name":"Shaded","section":"Shading Mode"},"sceneLighting":true,"audioPlay":false,"sceneViewState":{"m_AlwaysRefresh":false,"showFog":true,"showSkybox":true,"showFlares":true,"showImageEffects":true,"showParticleSystems":true,"showVisualEffectGraphs":true,"m_FxEnabled":true},"in2DMode":false,"pivot":{"x":-4.889999866485596,"y":0.5999999046325684,"z":-0.7699999809265137},"rotation":{"x":-0.00045179561129771173,"y":-0.00432380847632885,"z":-0.0000019340247945365265,"w":0.9999911785125732},"size":5.111530303955078,"orthographic":false}